item_no,task_id,domain,context,question,gold_standard,expert_verdict (VIOLATION/COMPLIANT),gold_standard_correct (Y/N),comments
1,TASK-GMP_DEVIATION-3F7A2CD6,gmp_deviation,"At NovaBio Inc., on January 10, 2023, during the release testing of a batch of API-1234, an Out-of-Specification (OOS) result was observed for the purity test, which was 99.2% against the specified limit of 99.5%. The batch was manufactured on December 15, 2022, by a qualified production team and all other test parameters were within specifications. The investigation conducted by the Quality Assurance team revealed that the OOS result was due to an aberrant chromatographic peak that was identified as a known impurity, which was below its own specification limit. The impurity was caused by a vendor-supplied raw material that had an unusually high level of this impurity, which was still within its certified specifications. Further investigation found that the analytical method used for the purity test had not been fully validated for the specific raw material lot used, but the method had been validated for the general material type.",What should be the batch disposition decision based on the findings of the investigation and in compliance with regulatory requirements?,"The batch can be released as the OOS result is attributed to an aberrant raw material and the impurity level is within its own specifications, in compliance with 21 CFR 211.165(e), which states that an OOS result may be invalid if it is due to an error in the measurement system, and 21 CFR 211.192, which requires a thorough investigation and documentation of any discrepancy found, but does not necessitate rejection if the cause is an unusual raw material variability that does not impact product quality or safety, thus allowing for a science-driven, fact-based disposition decision.",,,
2,TASK-INFORMED_CONSENT-5A85259E,informed_consent,"At NovaBio Inc., the clinical research team is conducting a Phase III trial for a new oncology treatment, with 250 subjects enrolled. The study utilizes a legacy Electronic Data Capture (EDC) system, version 3.1, which is running in read-only mode for backwards compatibility with an older protocol management system. Recently, a protocol amendment was approved to add a non-invasive, web-based patient-reported outcome (PRO) questionnaire to assess treatment efficacy, starting 6 months after the initial treatment. The IRB waived the requirement for re-consent under 45 CFR 46.116, citing that the new questionnaire is of no more than minimal risk and does not affect the subject's rights or welfare. The research team is diligent about logging all deviations, including a recent instance where a subjects' consent form was not uploaded to the EDC system within the required 24-hour window, but an audit trail shows that the delay was due to an unexpected network outage and the document was properly timestamped and filed as soon as the system came back online. The study's last subject visit is scheduled for 2 years after initial treatment, but the protocol now includes an addendum for a sample repository, aiming to collect and store biosamples for future research, to be implemented 3 years after the initial treatment. Subjects will not be contacted again after their last visit unless this new repository addendum requires their re-consent.","Is re-consent of the subjects required for the addition of the sample repository to the study protocol, given that their last study visit has either already occurred or will occur before the repository implementation, and considering the nature of the changes and the IRB's previous waiver under 45 CFR 46.116?","Re-consent is required under 21 CFR 50.25 and ICH E6(R2) §4.8.2 because the sample repository addendum constitutes a new research activity that goes beyond the original consent, even though subjects have completed or will complete their last study visit. The IRB's waiver under 45 CFR 46.116 for the PRO questionnaire does not apply to this new addition. The Red Herring - the legacy EDC system and the properly handled deviation for the delayed consent form upload - is fully compliant and does not impact the requirement for re-consent for the sample repository addendum.",,,
3,TASK-GMP_DEVIATION-64F1C831,gmp_deviation,"At NovaBio Inc., a batch of 5000 vials of their API, coded NBX-101, passed all quality control specifications on February 10, 2023, when tested by Senior Analyst, Rachel Lee, using the validated HPLC system, Waters 2695. However, during a subsequent internal audit on March 15, 2023, it was discovered that the HPLC system's calibration had lapsed by 3 days, as the last calibration was due on February 7, 2023, but was not performed until February 10, 2023, after the batch testing. The equipment's vendor manual and the company's SOP state that calibration must be performed every 30 days, and the system cannot be used for GMP testing if calibration is overdue. Despite the procedural non-compliance, the test results showed the batch was within all specified limits. The batch's Certificate of Analysis was signed by the QC Manager, indicating its release for further processing.","Should the batch of NBX-101 API, which met all quality specifications, be released for use in further manufacturing based on the given circumstances?","No, the batch should not be released because the use of the HPLC system for testing while its calibration was lapsed constitutes a significant procedural non-compliance. According to 21 CFR 211.160(b), laboratory controls shall include the establishment of scientifically sound and appropriate specifications, standards, sampling plans, and test procedures to ensure that components, drug product containers, closures, packaging, labeling, in-process materials, and drug products conform to appropriate standards of identity, strength, quality, and purity. Additionally, 21 CFR 211.68(a) requires that automatic, mechanical, or electronic equipment be calibrated and inspected at suitable intervals to ensure proper performance, implying that failure to maintain calibration within specified intervals invalidates test results obtained during the period of non-compliance. Therefore, despite passing quality control tests, the batch must be rejected due to the non-compliant state of the testing equipment during analysis.",,,
4,TASK-GCP_DEVIATION-B7CC3DB8,gcp_deviation,"At NovaBio Inc., a phase 3 clinical trial for a new oncology treatment is underway. On February 10, 2023, the study coordinator, under the direction of the principal investigator, initiated a mid-study protocol amendment to update the patient informed consent form to reflect new safety information, which was prospectively approved by the IRB/IEC on March 1, 2023. The amendment changed the consent form version from 1.0 to 1.1 and was implemented immediately after IRB/IEC approval. However, due to an administrative oversight, 15 patients who were enrolled after the IRB/IEC approval but before the amended consent form was fully implemented in the electronic data capture system (EDC) used by the site (NovaBio's in-house EDC system, ClinTrak), were inadvertently enrolled using the old version 1.0 of the consent form between March 2 and March 15, 2023. The ClinTrak system flags such deviations for Sponsor review. Given that all patients affected by this deviation were eventually re-consented with the updated form version 1.1 within 24 hours of being enrolled, and their participation in the study was not affected, NovaBio Inc. is considering how to proceed with reporting this deviation to the IRB/IEC and regulatory authorities.","Does this deviation, involving the use of an outdated informed consent form for 15 patients but with subsequent re-consent within 24 hours, need to be reported to the IRB/IEC as a protocol deviation according to ICH E6(R2) and 21 CFR regulations, given the circumstances and actions taken?","According to ICH E6(R2) §4.8.2, any deviation from the protocol that could affect the safety of the subjects or the validity and integrity of the data should be documented and reported to the IRB/IEC. Additionally, 21 CFR 50.25 requires that no investigator may involve a human being as a subject in research covered by these regulations unless the investigator has obtained the legally effective informed consent of the subject or the subject's legally authorized representative. Since the patients were initially enrolled with an outdated consent form but were re-consented promptly, the key issue is whether this action constitutes a deviation that impacts the validity of the data or subject safety, necessitating a report to the IRB/IEC. Notably, ICH E6(R2) §4.8.3 emphasizes the importance of prompt reporting of such deviations. Moreover, FDA 21 CFR 11.10(e) specifies requirements for the use of electronic records, implying that any deviation involving an electronic system like ClinTrak should be scrutinized under these regulations. Thus, the correct answer hinges on understanding that despite the quick re-consent, the initial use of an outdated consent form constitutes a significant deviation because it affects the informed consent process, a critical ethical and regulatory requirement, thereby necessitating a report to the IRB/IEC as per ICH E6(R2) §4.8.2 and 21 CFR 50.25.",,,
5,TASK-INFORMED_CONSENT-2C4BB344,informed_consent,"At NovaBio Inc., a protocol amendment was made to an ongoing study, adding a non-invasive questionnaire to be completed by subjects at their next scheduled visit, which is 6 months after their last visit. The study utilizes the Medidata Rave EDC system version 2019.1.0 and has a deviation log entry for a delayed timestamp due to a network issue, which was properly handled according to SOP-DEV-001. The amendment was approved by the IRB on February 10, 2023, but the revised informed consent form was not re-approved until March 15, 2023. Meanwhile, on February 20, 2023, 20 subjects who had completed their last study visit had their samples transferred to a repository for potential future use, with documentation indicating that the transfer was done per the original consent. The study team, in an effort to be cautious, obtained re-consent from 15 of the ongoing subjects before the questionnaire was administered, but they did not re-consent the 20 subjects whose samples were transferred, reasoning that it was for a condition covered under the original consent and not requiring new consent according to their interpretation of 45 CFR 46.116. However, an auditor noted that while reviewing the case report forms, the system-to-system data integrity checks between Medidata Rave and the repository's database system showed discrepancies in 5 cases, which seemed insignificant given the legacy system used for the repository was correctly running in read-only mode.","Does the failure to obtain re-consent from the 20 subjects whose samples were transferred to the repository constitute a regulatory violation, given the context and the specific details of the protocol amendment and the systems in use?","The failure to obtain re-consent from the 20 subjects whose samples were transferred to the repository does indeed constitute a regulatory violation, specifically under 45 CFR 46.116, because the secondary use of the samples, even if under the original consent for the study, requires re-consent if it involves a new intention of use not originally disclosed, and the addition of the questionnaire could imply such a new intention. The red herring of the delayed timestamp and the transfer of samples under the original consent might distract, but the critical issue is the lack of re-consent for a use that could be considered outside the original scope. This is not about the amendment itself or the timing of IRB approval and informed consent form re-approval but about the secondary use of samples and the need for re-consent under specific conditions of 45 CFR 46.",,,
6,TASK-GMP_DEVIATION-4DA8FC1D,gmp_deviation,"On February 10, 2023, NovaBio Inc. completed the manufacturing of batch NB-1234 of its experimental vaccine, with a total of 10,000 vials. During the final testing stage, one vial out of 10 tested vials was found to have an out-of-specification (OOS) result for pH, which was 5.5 instead of the specified range of 6.0-7.0. However, the investigation under 21 CFR 211.192 revealed that the OOS result was due to an error in the testing procedure itself, specifically the use of an uncalibrated pH meter. The investigation found that if the pH meter had been properly calibrated, the pH of all tested vials, including the one that initially failed, would have been within the specified range. No other deviations or issues were found during the batch manufacturing process.",What is the appropriate disposition for batch NB-1234 based on the findings of the investigation?,"The batch is releasable because the initial OOS result was caused by a testing error and not a manufacturing issue, and the investigation demonstrated that the batch conformed to specifications when the proper testing procedure was followed, as specified in 21 CFR 211.165, which states that a batch shall be rejected if it fails to meet established specifications, but also allows for retesting and batch release if a thorough investigation attributes the OOS result to an error in the testing process itself.",,,
7,TASK-INFORMED_CONSENT-EC4029E1,informed_consent,"At NovaBio Inc., a phase III clinical trial for a new oncology treatment (NBIO-101) used a legacy electronic data capture (EDC) system, ClinData v7.2, in read-only mode for historical data, alongside a new EDC system, eClinical v10.5, for active data collection. The study involved 250 subjects across 15 sites. Recently, a minor protocol amendment (NBIO-101-AM04) added a non-invasive, web-based questionnaire to collect patient-reported outcomes, which was deemed to have no significant impact on subject risk or benefits. The amendment was approved by the IRB on February 10, 2023. However, due to an IT resource constraint, the updated informed consent form (ICF) was not uploaded to the eClinical system until February 22, 2023, although all site personnel were notified of the change via email on February 12, 2023. Meanwhile, a separate issue was noted where a site had mistakenly left a window open on the legacy ClinData system, showing a 'Last Updated' timestamp of January 15, 2023, for a subject's demographics, but this was correctly logged as a 'view-only' access in the audit trail. All new enrollments from February 10, 2023, onward used the updated ICF. As part of quality control, the study monitor checked that all re-consents were properly documented, but overlooked verifying the exact timing of ICF updates in the system.","Does the delay in uploading the updated ICF to the eClinical system until February 22, 2023, after the IRB approval on February 10, 2023, constitute a violation of informed consent regulations, given that all new subjects were consented with the updated form and site personnel were informed of the changes?","The correct answer hinges on 21 CFR 50.25 and the requirement that 'no investigator may involve a human being as a subject in clinical research unless the investigator has obtained the legally effective informed consent of the subject or the subject's legally authorized representative.' The key violation here is not the delay in uploading the ICF or the legacy system's 'Last Updated' timestamp, which might initially draw attention, but rather the failure to ensure that the updated ICF was available in the system for use at the time of IRB approval for new enrollments, which could have started immediately after February 10, 2023. The red herring of the legacy system showing an old timestamp is compliant because it was in read-only mode and properly logged. The regulatory provision that applies here is the principle that informed consent must be obtained using an IRB-approved ICF, emphasizing the importance of system and process integrity to ensure compliance with informed consent regulations.",,,
8,TASK-21CFR11-54267513,21cfr11,"At NovaBio Inc., the laboratory information management system (LIMS), version 8.2, was validated for audit trail completeness during its initial deployment in 2018. Recently, the internal audit team reviewed a 200-record sample of the audit trail and found zero gaps, which seemed to confirm the system's integrity. However, the LIMS processes approximately 5,000 entries daily, with the bulk being automated batch import jobs and scheduled calculation updates that run through a service account, bypassing the audit trigger. The service account was set up to improve system efficiency, as recommended by the LIMS vendor. The IT team regularly reviews the system logs to ensure proper functioning, and all operator-initiated changes are captured in the audit trail. The system was last updated in 2020 to comply with the latest security patches, and it has been operating smoothly since then, with no reported errors or deviations. The internal audit team also verified that all deviations, including one instance where a user accidentally entered an incorrect value, which was promptly corrected and documented, were properly handled and recorded.","Does the current configuration of NovaBio Inc.'s LIMS, which captures all operator-initiated changes but bypasses the audit trigger for automated batch import jobs and scheduled calculation updates, meet the requirements for audit trails as specified by 21 CFR Part 11?","The obligation to capture all changes to electronic records, as required by 21 CFR 11.10(e), covers not only manual operator entries but also automated or system-initiated changes, such as those resulting from batch jobs. The fact that the LIMS was validated for audit trail completeness at deployment and that a recent internal audit found no gaps in a sample of the audit trail does not compensate for the lack of audit trails for system-initiated changes. The bypassing of the audit trigger for automated processes constitutes a violation of 21 CFR 11.10(e), despite the compliant handling of deviations and the efficient system operation, because it fails to provide a complete record of all changes to electronic records, including those made by the system itself.",,,
9,TASK-21CFR11-7AEE93D0,21cfr11,"NovaBio Inc. implemented an electronic laboratory information management system (LIMS) named 'LabGenius' in 2020. The system has been generating time-stamped audit trails for all user-initiated changes to electronic records. The company's quality assurance team reviews these audit trails quarterly, focusing on changes made by the research and development staff. However, the review process only examines user IDs and the date of changes, without considering the reason for the changes or any system-initiated modifications, such as automated data backups or software updates. NovaBio Inc. assumes that having audit trails is sufficient for compliance with regulatory requirements.","Is NovaBio Inc.'s current practice of reviewing audit trails from the LabGenius system, as described, compliant with the requirements for electronic records under 21 CFR Part 11?","According to 21 CFR 11.10(e), the regulation requires that audit trails be used to capture all changes to electronic records, including both user-initiated and system-initiated changes, and that they must be reviewed to detect and document any invalid or altered records. This means that the audit trail must capture not just the user ID and date, but also the reason for the change. Therefore, NovaBio Inc.'s practice does not meet the regulatory requirements because it fails to capture the reason for changes and system-initiated modifications, as mandated by 21 CFR 11.10(e).",,,
10,TASK-GCP_DEVIATION-CB8646A7,gcp_deviation,"At NovaBio Inc., a Phase III clinical trial for a new oncology treatment is underway, using the Medidata Rave EDC system for data collection. On February 10, 2023, the study coordinator, Jane Smith, noticed that 15 out of 250 patients (6%) had inadvertently received a non-protocol-specified concomitant medication due to a miscommunication with the site pharmacy. The study protocol (Version 2.0, dated January 2022) includes a pre-specified exception for concomitant medication use, as outlined in Appendix 5. However, this exception only applies to prospective protocol deviations approved by the IRB/IEC. The deviation was discovered during a routine monitoring visit on February 15, 2023, and was not pre-approved. The study team is now debating whether to report this deviation to the IRB/IEC as a major or minor protocol deviation.","Is the NovaBio Inc. study team obligated to report this concomitant medication deviation to the IRB/IEC as a major protocol deviation, despite it being below the 20% threshold for patient affectedness, and should it be reported within the 24-hour timeframe required for urgent safety issues?","According to ICH E6(R2) §4.8.2, the deviation should be reported as a major protocol deviation because it was not pre-approved and affects the integrity of the trial, even though it falls below the 20% threshold. Additionally, 21 CFR 11.10(e) and ICH E6(R2) §5.18.2 require that any deviation from the protocol that could affect the safety of the subjects or the validity and integrity of the data should be reported to the IRB/IEC, regardless of whether it is considered minor or major. The pre-specified exception for concomitant medication use in the protocol does not apply in this case, as the deviation was discovered retrospectively and was not pre-approved by the IRB/IEC.",,,
11,TASK-REAL-GCP_DEVI-0670EF9C,gcp_deviation,Dr. Foltin's corrective action plan did not include sufficient details to address how they will prevent similar violations in the future. The plan did not include details about procedures being instituted or training provided to ensure compliance with FDA regulations governing clinical investigations.,What is required of a sponsor's corrective action plan after a regulatory violation?,"The sponsor must provide a corrective action plan that includes sufficient details to address how they will prevent similar violations in the future, including procedures and training to ensure compliance with FDA regulations.",,,
12,TASK-GMP_DEVIATION-42ECBB6A,gmp_deviation,"At NovaBio Inc., a batch of their new anticancer drug, NB-101, was initially deemed suspect due to an Out-of-Specification (OOS) result in the High-Performance Liquid Chromatography (HPLC) assay, which reported 95.2% purity instead of the specified 96.0% minimum. The batch consisted of 5000 vials, valued at $1 million. The HPLC system, a Waters Alliance e2695 model, had its calibration checked and verified three months prior by a certified third-party contractor, who also ran a system suitability test. The batch record review showed that the production staff followed the Standard Operating Procedure (SOP) for NB-101 manufacturing without deviations, and quality control (QC) analyst, Jane Smith, who is fully qualified and trained, performed the HPLC test. However, the electronic batch record system (EBRS), a GMP-compliant system running on a read-only mode for legacy reasons, contained a deviation log entry from three months ago related to a temperature excursion during storage of an unrelated batch. Notably, the investigation revealed that the temperature excursion was properly documented, investigated, and addressed at the time, with all corrective actions fully implemented and verified. The actual manufacturing process of the suspect batch occurred during a period when the facility was implementing a new manufacturing execution system (MES), but the production of NB-101 was not impacted since it was still using paper-based batch records for this specific product, as allowed by the transitional arrangement documented in their quality management system. The subtle issue was found in the timeline of events: QC analyst Jane Smith signed off on the batch record on February 15th at 4:00 PM, but the electronic approval system, which is supposed to automatically timestamp the approval, showed a timestamp of February 16th at 8:00 AM due to what was initially thought to be a delay in the system sync but was later discovered to be related to the analyst's clock setting on her workstation being a day ahead.","Given the circumstances, what is the primary reason that batch NB-101 of the anticancer drug should be rejected, in accordance with 21 CFR regulations?","The primary reason for rejecting batch NB-101 is the failure to ensure that electronic signatures are executed by the use of a secure, computer-generated, time-stamped audit trail, as required by 21 CFR 11.10(e) and 21 CFR 211.180(e), due to the discrepancy in the electronic approval timestamp. The Red Herring, the old deviation log entry in the EBRS, is not relevant to the current batch and was properly addressed. The key violation here involves the system-to-system data integrity gap related to the mismatch between the manual signing off by the analyst and the electronic record, which is critical for ensuring the integrity and reliability of the electronic batch record.",,,
13,TASK-PROMO_REVIEW-757242B8,promo_review,"On February 10, 2023, the marketing team at NovaBio Inc. launched a promotional campaign for their newly approved drug, Xylara, via a sponsored Instagram post. The post includes a patient testimonial, a brief summary of the drug's benefits, and a list of potential side effects in smaller font at the bottom. However, the post does not include the black box warning required for Xylara due to its increased risk of myocardial infarction. The post has garnered over 10,000 likes and 500 comments, with many users asking for more information on how to obtain the drug. NovaBio's regulatory affairs team, led by Senior Regulatory Specialist, Jane Smith, has been informed of the post's popularity and the potential compliance concerns.","Does the NovaBio Instagram post comply with the requirements for presenting risk information under 21 CFR 202.1, given that it includes a brief summary of side effects but omits the black box warning?","The post is non-compliant because, according to 21 CFR 202.1(e)(3)(ii), a black box warning is required in any promotional material where there is a serious risk associated with the drug, such as the increased risk of myocardial infarction associated with Xylara. The fact that the post includes a brief summary of side effects does not exempt it from including the black box warning, as the regulation specifically states that 'the brief summary required under paragraph (e)(1) of this section shall include...any warning...required for the drug...under section 505 of the act', which includes black box warnings.",,,
14,TASK-REAL-GMP_DEVI-E23A7B2A,gmp_deviation,"NovaBio Incorporated's quality control unit failed to exercise its responsibility to ensure drug products manufactured were in compliance with CGMP and met established specifications for identity, strength, quality, and purity. The unit did not ensure adequate procedures for investigation handling, quarantine products, complaint handling, change control, and stability failures.",What is the role of the quality control unit in ensuring compliance with CGMP regulations?,"21 CFR 211.22 requires the quality control unit to ensure drug products are in compliance with CGMP and meet established specifications for identity, strength, quality, and purity.",,,
15,TASK-REAL-GCP_DEVI-9B87C798,gcp_deviation,"Dr. Adarsh Daswani, a clinical investigator at NovaBio Inc., conducted a clinical investigation of an investigational drug. The protocol required randomized treatment to be administered and dose adjustments to be made by the Interactive Response Technology (IRT) system. However, Dr. Daswani failed to adhere to these requirements, resulting in missed and incorrect doses of randomized treatment for multiple subjects.",Is it compliant for a clinical investigator to fail to administer doses and make protocol-required dose adjustments as required by the protocol?,21 CFR 312.60 requires that the investigation be conducted according to the investigational plan. The clinical investigator's failure to administer doses and make dose adjustments as required by the protocol is a violation of this regulation.,,,
16,TASK-GCP_DEVIATION-659E503B,gcp_deviation,"At NovaBio Inc., a Phase III clinical trial for a novel oncology treatment was conducted using a customized electronic data capture (EDC) system, Medidata Rave 2019.2.0, with a legacy system, Oracle Clinical 4.0.6, running in read-only mode for data archives. On February 10, 2023, the principal investigator, Dr. Smith, retrospectively updated 15 subject records to reflect changes in concomitant medication use, which was done within the 30-day window allowed by the protocol. This update was prompted by a routine monitoring visit and was properly documented in the deviation log. However, the update was performed before obtaining IRB/IEC approval for the protocol amendment that included the revised concomitant medication list, which was eventually approved on March 1, 2023. Meanwhile, a separate deviation occurred on January 25, 2023, when an investigator-initiated change was made to the dose regimen for one subject due to an adverse event, and this change was properly reported to the IRB/IEC within 5 working days as required. The EDC system audit trail showed all changes, but there was a one-day delay in the system-to-system data transfer to the safety database due to a scheduled maintenance window, which was clearly communicated to all stakeholders in advance.","Is the retrospective update of subject records by the principal investigator on February 10, 2023, before obtaining IRB/IEC approval for the protocol amendment, a major protocol deviation requiring expedited reporting to regulatory authorities and the IRB/IEC, or is it a minor deviation that can be reported in a periodic summary?","The correct answer hinges on ICH E6(R2) §4.8.2 and 21 CFR 50.25(b)(3), which stipulate that deviations from the approved protocol that are not prospectively approved by the IRB/IEC but are necessary to eliminate immediate hazards to the subjects can be made, but significant changes must be reported expeditiously. The principal investigator's retrospective update without prior IRB/IEC approval for the protocol amendment constitutes a major deviation because it altered the protocol without prior review. The delay in system-to-system data transfer due to scheduled maintenance, though it might seem suspicious, is not the violation because it was properly communicated and did not affect the safety data reporting. The Red Herring, the legacy system running in read-only mode, is compliant as it is used for archival purposes only and all data updates are performed through the Medidata Rave system.",,,
17,TASK-GMP_DEVIATION-484DF7B9,gmp_deviation,"At NovaBio Inc., on February 10, 2023, a batch of 10,000 units of their new vaccine product, NVX-123, was manufactured and underwent testing. The batch passed all specifications, including sterility and potency tests, with results recorded in the Laboratory Information Management System (LIMS). However, during a subsequent review, it was discovered that the analyst who performed the testing, Jane Doe, had not completed her annual GMP training, which was due on January 15, 2023, and thus was not qualified to perform the analysis at the time of testing. The investigation revealed that Jane Doe had completed all necessary training for the specific tests she performed, but the GMP training is a company requirement for all personnel involved in testing, as per the NovaBio Inc. Quality Policy.","What should be the batch disposition decision for batch NVX-123-001, given the analyst's unqualified status at the time of testing?","The batch should be rejected, as per 21 CFR 211.25(a), which requires that personnel involved in the manufacture, processing, packing, or holding of a drug product have the education, training, and experience to perform their assigned functions, and 21 CFR 211.165(f), which states that the quality control unit shall have the responsibility for approving or rejecting all procedures or specifications impacting on the identity, strength, quality, and purity of the drug product. The lack of GMP training for the analyst constitutes a failure to comply with the GMP regulations, and therefore, the batch cannot be considered to be manufactured in compliance with the regulations.",,,
18,TASK-REAL-GMP_DEVI-14D7429C,gmp_deviation,"NovaBio Inc.'s quality control unit did not provide adequate oversight for the manufacture of their products. The firm could not provide records to support CGMP requirements for the manufacture of drugs, including finished product original release testing data and original stability testing data.","Is a quality control unit that does not provide adequate oversight for the manufacture of products, including lack of records for CGMP requirements, in compliance with regulations?","21 CFR 211.22(a) requires that the quality control unit have the responsibility and authority to approve or reject all components, drug product containers, closures, in-process materials, packaging materials, labeling, and drug products. A quality control unit that does not provide adequate oversight is a violation of this regulation.",,,
19,TASK-INFORMED_CONSENT-8F295480,informed_consent,"At NovaBio Inc., a Phase III clinical trial for a new oncology treatment (NBIO-123) uses a legacy Electronic Data Capture (EDC) system, Medidata Rave 2018.1.0, which has been properly validated but runs in read-only mode due to compatibility issues with newer software. The study started on January 10, 2022, and the initial informed consent form (ICF) was approved by the Institutional Review Board (IRB) on December 15, 2021. On February 20, 2023, a protocol amendment (version 1.2) was implemented, adding a non-invasive, one-time questionnaire to assess patient quality of life, which does not collect any identifiable information. The amendment also included changes to the statistical analysis plan. The study team, including Clinical Research Coordinator (CRC) Jane Smith, updated the ICF accordingly. However, due to a delay in receiving the updated ICF template from the contract research organization (CRO), the updated ICF was not finalized until March 10, 2023. In the meantime, five new patients (out of 200 total) were enrolled between February 22, 2023, and March 5, 2023, using the outdated ICF. The updated ICF was then used for all subsequent enrollments. The study's principal investigator (PI), Dr. John Lee, was aware of the delay but deemed it a minor issue since the changes did not affect the study's primary endpoints or patient safety. The study's data management team has been using a custom-built data analytics tool to track patient enrollment and ICF versions. There was a documented deviation log entry for the delay, which was properly reviewed and approved by the PI and the IRB. Notably, the legacy EDC system's read-only mode has been correctly configured to prevent any accidental changes to the study data, and it has been regularly audited to ensure compliance.","Does the enrollment of the five patients between February 22, 2023, and March 5, 2023, using the outdated ICF constitute a violation of FDA regulations, given the protocol amendment and the subsequent use of the updated ICF?","The correct answer is yes, this constitutes a violation of 21 CFR 50.25 and 45 CFR 46.116, which require that informed consent be obtained using an IRB-approved ICF. Although the changes to the protocol did not necessarily require re-consent under certain conditions (e.g., 45 CFR 46.116 waiver criteria for non-expert reviewers), the failure to use the updated ICF for five patients after the IRB approval of the amended protocol is the compliance gap. The Red Herring, the legacy EDC system running in read-only mode, is actually compliant as it has been properly validated and configured to prevent data changes, and its use does not impact the ICF process. The delay in receiving the updated ICF template and the subsequent use of the outdated ICF for new enrollments during this period are the subtle procedural lapses that constitute the violation, as they directly pertain to the regulatory requirement for informed consent.",,,
20,TASK-GCP_DEVIATION-6D4368AF,gcp_deviation,"At NovaBio Inc., a Phase III clinical trial for a new oncology drug involved 500 patients across 20 sites. On February 10, 2023, the sponsor became aware that 5 patients at one site had received a slightly higher dose of the investigational product (IP) than specified in the protocol (10mg instead of 9mg) due to a miscommunication between the site staff and the sponsor's clinical research associate (CRA). The protocol included a pre-approved exception for dose escalations up to 10% above the specified dose for patients not responding to treatment, but this was not the case for these 5 patients. The site's IRB/IEC had approved the protocol with this exception on January 15, 2023. NovaBio's quality assurance (QA) department identified this deviation during a routine monitoring visit on March 1, 2023.","Is this deviation considered a significant protocol deviation that must be reported to the IRB/IEC and regulatory authorities, despite the dose escalation being within the 10% pre-approved exception threshold?","According to ICH E6(R2) §4.8.2 and 21 CFR 50.25(b)(3), this deviation is indeed significant and must be reported because it was not a pre-planned, protocol-specified dose escalation, even though it falls within the 10% threshold. The key obligation is that any deviation from the protocol that is not pre-approved must be reported, regardless of its perceived clinical significance or whether it falls under a threshold that might seem minor (ICH E6(R2) §4.8.1, 21 CFR 56.108(a)).",,,
21,TASK-21CFR11-D37FD870,21cfr11,"At NovaBio Inc., the quality assurance team utilizes the eQMS system (version 4.2) for electronic record-keeping and signatures. Recently, during a routine audit, it was noticed that the eQMS system's audit trails are generated and time-stamped, but there is a concern regarding the periodic review of these trails as per the standard operating procedure (SOP) 'EQMS_Audit_Trail_Review' which requires review only when a deviation occurs. In contrast, the company's electronic lab notebook system (ELN), running on a legacy platform, has been kept in read-only mode since 2020, strictly as per FDA guidance for archiving electronic records, which appears suspicious to the auditor due to its age and read-only status. However, the ELN is properly validated and maintained, with all data migration completed to the eQMS system in 2020. The eQMS audit trails capture user IDs, timestamps, and the reason for changes but do not capture system-initiated changes, such as when the system automatically updates user access levels due to a change in job roles. Meanwhile, a recent update to the eQMS system introduced a delayed timestamp feature for audit trail entries, which adds a 5-minute delay to all audit trail entries to account for synchronization across different system components, a feature that was thoroughly validated and documented as compliant with electronic signature requirements.","Is NovaBio Inc.'s current practice regarding audit trails for electronic records compliant with the requirements of 21 CFR Part 11, specifically regarding the review of audit trails and the capture of all relevant metadata, or is there a gap that needs to be addressed?","The correct answer hinges on 21 CFR 11.10(e), which requires that audit trails be generated, reviewed, and complete, capturing all changes, including system-initiated changes. The gap in NovaBio's practice is the lack of capture of system-initiated changes and the absence of periodic review of audit trails as mandated. The legacy ELN system in read-only mode is compliant as it is properly archived and validated. The delayed timestamp feature, although appearing suspicious, is permitted as it was validated to ensure compliance with electronic signature requirements. Thus, the compliance requirement under 21 CFR 11.10(e) is not met due to the procedural lapse in audit trail review and metadata capture, not the use of the legacy ELN system or the delayed timestamp feature.",,,
22,TASK-PROMO_REVIEW-2CDDE6AE,promo_review,"At NovaBio Inc., the marketing team launched a promotional campaign for their new drug, Xylophene, on February 10, 2023. The campaign includes a television ad and a corresponding print ad in a medical journal, both of which mention the drug's efficacy in treating a specific type of cancer. The TV ad is 60 seconds long and dedicates 20 seconds to benefits and 15 seconds to risks, while the print ad is a full-page spread with a benefits section spanning half the page and a risks section spanning a quarter page. The company's regulatory affairs specialist, Rachel Lee, reviewed the ads and approved them, noting that both include a fair balance of benefits and risks. However, the TV ad mentions a serious but rare side effect in a quick voiceover at the end, while the print ad provides a detailed description of the same side effect in a smaller font at the bottom of the page. NovaBio Inc. received 500,000 impressions on the TV ad and 200,000 print ad circulations within the first week.","Does the Xylophene promotional campaign comply with the fair balance requirement under 21 CFR 202.1(e)(1), given the presentation of benefits and risks in the TV and print ads?","The campaign does not comply with the fair balance requirement because, according to 21 CFR 202.1(e)(3)(ii), if a television ad includes a brief summary, it must be 'adequate and reasonably concurrent with' the presentation of benefits, which is not the case here, as the risks are presented in a quick voiceover at the end of the ad.",,,
23,TASK-PROMO_REVIEW-26F7777E,promo_review,"At NovaBio Inc., the marketing team recently launched a promotional campaign for their new medication, Nexarol, using a legacy customer relationship management (CRM) system, version 8.2, which has been running in read-only mode since 2020 due to compatibility issues with newer software. The campaign included print and digital advertisements that presented the benefits of Nexarol in a font size 25% larger than the risks, with the risk information detailed in a separate section. The team also created a dedicated webpage for Nexarol, which included a 'Patient Stories' section featuring testimonials from five patients who experienced significant improvements, but the website was not updated with a recent black box warning due to a delay in receiving the revised labeling from the FDA, which was received on February 10, 2023, but the update was scheduled for March 1, 2023, to coincide with a planned system maintenance. Meanwhile, the regulatory affairs department had recently implemented a new quality control process for promotional materials, requiring two independent reviews and a 24-hour waiting period before final approval. In this particular case, the review was completed in 23 hours and 59 minutes, with the second reviewer using an outdated version of the promotional material review checklist, but the deviation was properly logged and addressed according to the company's standard operating procedure (SOP) 102-001, version 3.1.","Does the promotional campaign for Nexarol comply with the fair balance requirement under 21 CFR 202.1(e)(1), given the delayed update of the black box warning and the use of different font sizes for benefits and risks?","The promotional campaign for Nexarol does not comply with the fair balance requirement under 21 CFR 202.1(e)(1) because the benefits are presented more prominently than the risks due to the larger font size used for benefits, even though the risk information is detailed in a separate section. The red herring, the delay in updating the black box warning, is not the violation because 21 CFR 202.1(e)(3)(ii) requires the most recent warning to be included only if it is 'required to be included in the labeling' at the time of dissemination, and the company had a scheduled update that would include the revised labeling. The use of a legacy CRM system and the 24-hour review process are also compliant, with the latter being a quality control process that exceeds regulatory requirements. The actual violation hinges on the specific presentation of benefits and risks in the promotional materials, as outlined in 21 CFR 202.1(e)(1) and reinforced by the FDA's guidance on 'Brief Summary and Adequate Provision' in promotional labeling.",,,
24,TASK-21CFR11-5B6AF60B,21cfr11,"At NovaBio Inc., the IT department applied a security-only OS patch to the server hosting the validated Electronic Document Management System (EDMS), version 3.2.1, on February 10, 2023. The patch was classified as 'low risk, no functional change' and was installed without generating a formal change control record or conducting an impact assessment. The EDMS users, including QA staff, performed post-patch smoke tests and user acceptance tests, which all passed without issues. The vendor's release notes for the OS patch explicitly stated 'no application changes.' Additionally, the EDMS system has a redundant, read-only mirror site that was not patched, providing continued access to all documents. The QA team, after verifying the smoke tests and user acceptance tests, documented that 'the validated state of the EDMS is unaffected' and closed the event without requiring re-validation. However, the decision not to re-validate was based on an informal review and was not formally documented or justified in the change control records.",Is NovaBio Inc. in compliance with 21 CFR Part 11 requirements for change control and validation after applying the OS patch to the EDMS server?,"No, NovaBio Inc. is not in compliance. According to 21 CFR 11.10(a) and FDA's 2003 Part 11 guidance Section IV, any change to a validated system, including infrastructure changes like OS patches, requires a documented impact assessment. The decision not to re-validate must be documented and justified. The absence of a formal impact assessment and a documented justification for not re-validating means the validation status of the EDMS is unsubstantiated, despite the patch being classified as 'low risk' and the successful smoke and user acceptance tests. The Red Herring of the redundant, read-only mirror site, which was not patched and continued to provide access to documents, is compliant as it ensures continued access to documents but does not address the validation and change control requirements for the patched server.",,,
25,TASK-PROMO_REVIEW-152088FC,promo_review,"At NovaBio Inc., the marketing team recently launched a promotional campaign for their new drug, Xylophene, using a legacy customer relationship management (CRM) system, version 8.2, which has been running in read-only mode since its upgrade in February 2022. The campaign includes a series of video testimonials from patients who have used Xylophene for off-label purposes, with a brief summary of risks presented in a font size 2 points smaller than the benefits. The promotional materials were reviewed and approved by the medical director, Dr. Rachel Kim, on January 10, 2023, at 10:00 AM, but the approval timestamp in the CRM system shows 10:05 AM due to a delayed synchronization with the central server, which is permissible according to the company's SOP 2022-001. Meanwhile, the sales team has been using a new mobile app, MedRep, version 3.1, to track customer interactions, which has an automated feature to send a follow-up email with the full prescribing information (PI) to healthcare professionals who request it. On February 15, 2023, the FDA sent a notification to NovaBio Inc. regarding a new black box warning for Xylophene, which was promptly updated in the MedRep app but not in the legacy CRM system. The marketing team claims that since the legacy CRM system is only used for historical data and is read-only, it does not need to be updated with the new black box warning.","Is the promotional campaign for Xylophene compliant with the fair balance rule under 21 CFR 202.1(e)(1), given the presentation of benefits and risks in the video testimonials and the omission of the updated black box warning in the legacy CRM system?","The correct answer is that the promotional campaign is not compliant with the fair balance rule because it fails to meet the requirements of 21 CFR 202.1(e)(3)(ii), which specifically states that if a product has a black box warning, the warning must be prominently displayed in any promotional piece that makes claims about the product's efficacy. The fact that the legacy CRM system is read-only and only used for historical data does not exempt it from this requirement, as the system is still being used to disseminate promotional information to healthcare professionals. The Red Herring in this scenario is the delayed timestamp in the CRM system, which is actually permissible according to the company's SOP. The subtle violation is the failure to update the black box warning in the legacy CRM system, which is a procedural lapse that is easy to overlook due to the system's read-only status and the presence of the new MedRep app with the updated PI.",,,
26,TASK-GCP_DEVIATION-E16FF46E,gcp_deviation,"At NovaBio Inc., a phase III clinical trial for a new oncology treatment is underway. The trial utilizes an electronic data capture (EDC) system, Medidata Rave version 2019.4.0, for data collection and management. On February 10, 2023, the investigator at Site 012 realized that the EDC system was temporarily down for scheduled maintenance from 2:00 AM to 4:00 AM due to a software update, resulting in the delayed entry of critical adverse event (AE) data for one subject. The AE was initially recorded on paper and later entered into the EDC system at 4:15 AM, after the system was back online. The investigator signed the AE report at 4:20 AM. Notably, the trial's protocol includes a pre-approved exception for minor deviations related to AE reporting, specified in Section 8.3.2. However, this exception does not apply to serious adverse events (SAEs) that are not immediately reported to the sponsor. The delayed AE was not an SAE but was related to a secondary endpoint. Meanwhile, the study's data manager, responsible for reviewing and verifying data, was out of the office on vacation and had set up an auto-response on her email, stating she would respond to messages upon her return on February 20, 2023. The study's protocol includes a requirement for immediate notification of the sponsor for any deviations, as stated in Section 4.8.2 of ICH E6(R2). It appears that the most pressing issue is the data manager's unavailability and the potential lack of oversight, especially since the EDC system's audit trail indicates that several data points were modified during the system downtime, albeit by authorized personnel and properly documented. The system's audit trail also confirms that all data entries and modifications were done in accordance with the protocol's data management plan, and the system was in a controlled, read-only state during the maintenance window. Furthermore, an independent review of the AE reporting process confirmed that all reports were submitted within the protocol-specified timelines, despite the initial delay in data entry. However, a closer examination reveals that the AE report signed by the investigator at 4:20 AM was not immediately available to the sponsor due to a misconfiguration in the EDC system's notification settings, which are supposed to send automated notifications to the sponsor for certain types of reports, including AE reports.","Does the delay in the availability of the AE report to the sponsor due to the misconfigured notification setting constitute a significant protocol deviation requiring expedited reporting to the IRB/IEC, according to ICH E6(R2) §4.8.2 and 21 CFR 50.25?","Yes, the delay in the availability of the AE report due to the misconfigured notification setting does constitute a significant protocol deviation. According to ICH E6(R2) §4.8.2, the sponsor is responsible for ensuring that all significant protocol deviations are reported to the IRB/IEC. Furthermore, 21 CFR 50.25(b)(2) requires that all unanticipated problems involving risks to human subjects or others be reported promptly to the IRB. The Red Herring, the data manager's auto-response and temporary absence, is not the violation because ICH E6(R2) §5.18.3 states that the sponsor should ensure adequate monitoring, but it does not specify the immediacy of the data manager's availability as a strict requirement for compliance. The actual violation hinges on the misconfigured notification setting delaying the sponsor's access to critical AE data, crossing the threshold for significant deviation reporting under ICH E6(R2) §4.8.2 and 21 CFR 50.25.",,,
27,TASK-21CFR11-F3502F2A,21cfr11,"At NovaBio Inc., the quality assurance team, led by QA Manager, Jane Smith, has implemented an electronic laboratory information management system (LIMS) called 'LabPro' to manage all laboratory data. LabPro has been generating time-stamped audit trails for all user activities since its implementation on January 1, 2022. The system captures user IDs, dates, and times of all changes made to electronic records. However, the standard operating procedure (SOP) for LabPro only requires the generation of audit trails but does not specify the need for regular review of these trails. The IT department, responsible for maintaining LabPro, consists of 5 staff members who ensure the system is operational 24/7. The system has been modified three times since its implementation, with the most recent update occurring on June 15, 2022, which added a new feature for automated data backup.","Is NovaBio Inc. in compliance with the regulatory requirements for audit trails as per 21 CFR Part 11, given that LabPro generates time-stamped audit trails for all user activities but the company's SOP does not mandate regular review of these audit trails?","Pursuant to 21 CFR 11.10(e), the regulation requires that audit trails be both generated and reviewed, stating 'Audit trails shall be used to capture changes made to the electronic records and shall be maintained and available for review for a period consistent with the retention period for the electronic records.' Therefore, NovaBio Inc. is not in compliance with 21 CFR 11.10(e) as their SOP does not ensure the review of audit trails, despite the generation of time-stamped audit trails by LabPro.",,,
28,TASK-REAL-GCP_DEVI-C2E5DBB1,gcp_deviation,"NovaBio Inc.'s clinical investigator, Dr. Sabine Hazan, conducted a clinical investigation without ensuring that an Institutional Review Board (IRB) complied with 21 CFR part 56 was responsible for the initial and continuing review and approval of the proposed clinical study. Specifically, IRB approval for Protocol (b)(4) lapsed from (b)(4) to (b)(4), during which time ten subjects were enrolled and administered investigational drugs.",Is it acceptable for a clinical investigator to conduct a clinical investigation without ensuring that an IRB that complies with 21 CFR part 56 is responsible for the initial and continuing review and approval of the proposed clinical study?,21 CFR 312.66 and 21 CFR part 56 require that a clinical investigator ensure that an IRB that complies with the requirements set forth in part 56 is responsible for the initial and continuing review and approval of a proposed clinical investigation.,,,
29,TASK-GMP_DEVIATION-0D45BE7C,gmp_deviation,"At NovaBio Inc., a batch of API (Active Pharmaceutical Ingredient) with batch number NB001 was found to have an out-of-specification (OOS) result for purity during routine testing on February 10, 2023. The OOS result was 99.4%, which is below the specified limit of 99.5%. However, during the investigation, it was discovered that the OOS result was due to a laboratory error, specifically a miscalibration of the HPLC system used for testing, which was found to be caused by an unqualified analyst. Despite this, the batch had passed all other specifications, including potency and impurity profiles, with results well within the acceptable limits. The investigation concluded that the error did not affect the batch's quality, but a procedural non-compliance was identified: the calibration of the HPLC system was not performed according to the established schedule, which had lapsed by 2 days.",What should be the disposition of batch NB001 based on the findings of the investigation?,"According to 21 CFR 211.165, '...the batch shall be rejected if the failure of a batch or any of its components to meet any of its specifications may have been caused by a deviation from current good manufacturing practice...' However, the key consideration here is 21 CFR 211.192, which states that '...the firm shall not retest a defective batch to meet specifications, unless...the retest is performed according to an approved stability indicating test method..., or, in the case of an out-of-specification result that cannot be confirmed, an investigation is conducted, and the investigation indicates that the out-of-specification result is the result of an error in the test procedure.' Given that the investigation confirmed the OOS result was due to a laboratory error (miscalibration) and not related to the batch's quality, but a procedural non-compliance (equipment calibration lapse) was found, the correct action under these specific conditions hinges on the interpretation of the regulation, particularly the emphasis on the cause of the OOS result being a procedural error rather than a quality issue of the batch itself. The regulation focuses on the quality of the batch rather than the procedural compliance during testing, leading to a counterintuitive conclusion regarding batch disposition.",,,
30,TASK-PROMO_REVIEW-D5118490,promo_review,"At NovaBio Inc., the marketing team recently launched a promotional campaign for their new diabetes medication, Glucorin, using a legacy customer relationship management (CRM) system, version 8.2, in read-only mode since January 2022, to comply with 21 CFR 11.10. The campaign includes print ads in major medical journals and an interactive website with detailed patient testimonials and risk information. Notably, the risk section mentions potential side effects but does not include the black box warning required for this class of drugs under certain conditions. However, the team ensured that all promotional materials were reviewed and approved by the medical affairs department on February 10, 2023, with a timestamp of 10:05 AM, and the IT department confirmed the CRM system's audit trail was intact, showing compliance with data integrity requirements. Curiously, the review process was delayed by three days due to a minor deviation reported in the deviation log on February 7, 2023, which was properly handled according to SOP-DEV-001. The promotional materials were circulated to 500,000 healthcare professionals via email on February 12, 2023.","Does the promotional campaign for Glucorin comply with the requirements for fair balance and disclosure of risk information under 21 CFR 202.1, considering the specifics of its presentation and distribution?","The campaign violates 21 CFR 202.1(e)(3)(ii) because it fails to include the black box warning in the brief summary for the specific patient population where such a warning is required, despite mentioning potential side effects. The subtle violation lies in the omission of the black box warning in a context where it is mandated, not in the use of the legacy CRM system, which is compliant as it operates in read-only mode. The compliant handling of the deviation log entry and the proper review and approval process serve as a red herring, distracting from the actual compliance gap related to the specific conditions triggering the brief summary requirement under 21 CFR 202.1(e)(1) and the exemptions thereto.",,,
31,TASK-PROMO_REVIEW-8B2E63C8,promo_review,"At NovaBio Inc., the promotional review team, led by Regulatory Affairs Specialist, Jane Smith, used the Veeva CRM system (version 21.1) to review a recent print ad for their new product, Xylophene, on February 10, 2023. The team correctly followed the February 2022 guidance on brief summary requirements, ensuring that all materials were submitted through the FDA's OPDP portal within the 5-day timeframe. However, during the review process, the team noticed that the ad's risk information section was presented in a font size 1 point smaller than the benefit claims, but included all necessary safety information, including a black box warning about potential liver damage. The review team used a legacy system, PromoMate (version 3.4), in read-only mode to track historical data on similar promotions, which seemed unusual but was explained as a temporary measure during the migration to Veeva. The same day, 500 copies of the ad were sent to healthcare providers, while 200 were held back due to a minor printing error. On February 12, 2023, an email from the marketing team to Jane Smith mentioned that the ad's digital version was posted online, but the team had delayed posting it to social media platforms until they could ensure compliance with new social media guidance.","Is the Xylophene print ad compliant with FDA regulations regarding fair balance and brief summary requirements, specifically considering the presentation of risk information and the conditions under which a brief summary is not required?","The correct answer hinges on 21 CFR 202.1(e)(1) and the specific conditions under 21 CFR 202.1(e)(3)(ii) that exempt the brief summary requirement for certain types of promotional materials. The ad is non-compliant because, despite including all necessary risk information, the presentation of benefits in a larger font size than the risk information fails the fair balance test. The use of the legacy PromoMate system in read-only mode is fully compliant and not the violation. The key issue is the font size disparity, which violates the principle of presenting risk information with at least the same prominence as benefit claims, as implied by the requirement for fair balance under 21 CFR 202.1(e)(1).",,,
32,TASK-INFORMED_CONSENT-6D4538DE,informed_consent,"At NovaBio Inc., a study titled 'NB-101' was initiated in 2018, and 500 subjects completed all scheduled visits by December 2020. The study involved collection of blood samples for future research. In January 2022, the sponsor proposed a protocol amendment to store the leftover samples in a central repository for potential future use, including genetic analysis, without any additional subject contact or new procedures. The Institutional Review Board (IRB) is considering whether re-consent is required. The original informed consent document mentioned the possibility of storing samples for 'future medical research' but did not explicitly address genetic studies.",Is re-consent of the 500 subjects who have completed all scheduled visits required for the proposed protocol amendment to store their leftover samples for potential genetic analysis in a central repository?,"Re-consent is required, as the addition of genetic analysis constitutes a new research purpose that was not adequately addressed by the broad term 'future medical research' in the original consent form, and does not meet the criteria for a waiver under 45 CFR 46.116, specifically because the research is not 'minimal risk' as defined by 45 CFR 46.102(i), and the subjects' initial consent did not adequately inform them of this new purpose, contrary to the requirements outlined in 21 CFR 50.25(a)(1) regarding the basic elements of informed consent.",,,
33,TASK-INFORMED_CONSENT-CD556272,informed_consent,"At NovaBio Inc., a phase III clinical trial for a new oncology treatment, NB-101, involves 500 subjects across 20 sites. The trial uses a custom-built EDC system, NovaEDC v2.1, for data collection. Recently, a protocol amendment added a non-invasive, 10-question quality-of-life survey administered via a separate, web-based platform, SurveyPro v1.5, which does not integrate with NovaEDC. The amendment also updated the informed consent form (ICF) to reflect this change. Notably, the ICF update was approved by the IRB on February 10, 2023, but due to an oversight, the SurveyPro platform was activated on February 5, 2023, for logistical testing purposes, with a 'dummy' subject account used to ensure survey functionality. The testing was properly documented and did not involve actual subject data. However, this activation occurred before the IRB approval of the ICF update. Meanwhile, all clinical trial staff were trained on the new survey protocol and ICF updates between February 12-15, 2023. The first subject under the updated protocol was enrolled on February 20, 2023. The 'dummy' account was deleted after successful testing, and no actual subject data was collected before IRB approval. The trial's data management team diligently logs all system changes and has a deviation log entry for the premature SurveyPro activation, which was properly assessed and found to pose no risk to subjects. The team also ensured that the legacy system, used for archiving old trial data, remains in read-only mode, as required.","Does the premature activation of the SurveyPro platform for logistical testing, before IRB approval of the updated ICF, necessitate re-consent from all subjects who were already enrolled in the trial, considering the amendment and the use of a 'dummy' subject account for testing?","Re-consent is not required for subjects already enrolled, as per 45 CFR 46.116, which allows for minor changes that do not affect the risks and benefits of the research. The key factor is that no actual subject data was collected before IRB approval, and the 'dummy' account testing did not involve human subjects. The premature SurveyPro activation, though before IRB approval, was part of logistical testing and did not involve actual subject interaction, thus it does not trigger the re-consent requirement. The red herring of premature system activation initially suggests a violation, but it is mitigated by the lack of actual subject involvement and proper documentation of the testing, which was found to pose no risk to subjects. The actual procedural lapse lies in not having obtained IRB approval before any system changes that could affect the conduct of the trial, even if no subject data was collected, highlighting the importance of timing and documentation in regulatory compliance, as outlined in 21 CFR 50.25 and ICH E6(R2) §4.8.2.",,,
34,TASK-21CFR11-70E77590,21cfr11,"At NovaBio Inc., the QA team led by Rachel Lee, completed a data migration from the legacy LIMS v2.3 to a new LIMS system on February 10, 2023. The migration reformatted date fields, normalized units, and mapped old column names to the new schema. Post-migration reconciliation scripts verified record counts, checksums, and a 5% random sample spot-check — all matching the source data. The legacy system was left in read-only mode to ensure data integrity. The QA lead certified the migration as 'validated and fully traceable.' However, the audit trail records a single entry: 'Batch migration from LegacyLIMS v2.3 on 02/10/2023' per task, without a field-level record of original vs. new value for each transformed field. Meanwhile, the IT department had properly logged and addressed a minor deviation in the system clocks between the legacy and new LIMS, adjusting timestamps accordingly to ensure data consistency.","Does the audit trail meet the regulatory requirements for data migration as per 21 CFR Part 11, considering the single bulk entry and the post-migration verification process?","21 CFR 11.10(e) requires that audit trail entries capture the original value, the new value, who made the change, when, and why at the individual record/field level. The single bulk migration log entry does not allow reconstruction of what any individual field contained before migration, thus violating this requirement. The post-migration reconciliation and the proper handling of the system clock deviation are compliant processes but do not compensate for the lack of field-level granularity in the audit trail entries. Therefore, the migration does not meet the regulatory requirements due to the absence of detailed audit trail entries for each changed field.",,,
35,TASK-PROMO_REVIEW-7977E160,promo_review,"At NovaBio Inc., the marketing team launched a promotional campaign for their new drug, Xylara, on February 10, 2023. The campaign included a video testimonial from a patient who experienced significant improvement in symptoms. The video includes a 30-second segment discussing the benefits of Xylara, followed by a 10-second mention of potential side effects, which appears in small print on the screen. The video is hosted on the company's website and has been viewed over 10,000 times. NovaBio's regulatory affairs specialist, Rachel Lee, reviewed the video and approved it for distribution, citing that it includes risk information and therefore meets the fair balance requirement.","Does the promotional video for Xylara comply with the fair balance requirement under 21 CFR 202.1, given that it presents benefits more prominently than risks?","The video does not comply with the fair balance requirement because, according to 21 CFR 202.1(e)(1), a promotional piece must present a 'true statement' of information in a 'clear, conspicuous, and neutral manner', and 21 CFR 202.1(e)(3)(ii) specifically requires that risk information be presented with 'prominence and readability' comparable to that of benefit information. The brief summary requirement is triggered because the video makes a 'representation' about the drug's benefits without providing a balanced view of its risks, as outlined in 21 CFR 202.1(e)(1) and further clarified in the FDA's Guidance for Industry on the Brief Summary and Adequate Provision, which emphasizes the importance of presenting risk information in a clear and conspicuous manner.",,,
36,TASK-21CFR11-337046E2,21cfr11,"At NovaBio Inc., the quality assurance team utilizes the 'eRecords' system, which generates time-stamped audit trails for all user-initiated changes to electronic records. As of February 10, 2023, the system has been configured to capture the user ID and the date/time of all changes. The QA team reviews these audit trails quarterly as part of their routine quality control checks. Recently, during an internal audit, it was discovered that system-initiated changes, such as automatic backups and software updates, were not being captured in the audit trails. The eRecords system is used to store and manage approximately 500 electronic batch records for NovaBio's pharmaceutical products.","Is NovaBio Inc. in compliance with 21 CFR Part 11 requirements for audit trails, given that their eRecords system generates time-stamped audit trails for user-initiated changes but does not capture system-initiated changes?","According to 21 CFR 11.10(e), audit trails must be 'available for all changes, to create, modify, or delete electronic data; the audit trail must include the date and time of the change, the person who made the change, and the reason for the change.' Since the eRecords system does not capture all required metadata, specifically system-initiated changes, NovaBio Inc. is not in compliance with the regulation.",,,
37,TASK-INFORMED_CONSENT-D2F11CC4,informed_consent,"At NovaBio Inc., a Phase III clinical trial for a new oncology treatment (Protocol NB-123) is ongoing, using a custom Electronic Data Capture (EDC) system, version 3.4.5, and a legacy patient registry system, 'HelixDB', which has been operating in read-only mode since 2018, with proper deviation log entries. The study involves 500 subjects, with 200 having completed their last study visit by December 2022. On January 10, 2023, the study team amended the protocol to include a new, non-invasive, electronic patient-reported outcome (ePRO) questionnaire, using the 'RedCap' system, which was implemented after IRB approval but before the required 45-day window for re-consent had passed. Notably, the IRB had initially waived the requirement for re-consent under 45 CFR 46.116 for minor changes, but the addition of the ePRO questionnaire was deemed a significant enough alteration to potentially impact subject risk. However, due to a 'system lag', the ePRO system was available to subjects 2 days before the official implementation date, although no subjects accessed it during this time. Meanwhile, a routine audit on February 1, 2023, revealed all study documents, including informed consent forms, were properly updated and version-controlled within the EDC system.","Does the addition of the ePRO questionnaire to Protocol NB-123 require re-consent from subjects who have already completed their last study visit, considering the specifics of the protocol amendment and the systems used?","Re-consent is required for subjects who have completed their last study visit because, despite the IRB's initial waiver under 45 CFR 46.116 for minor changes, the addition of the ePRO questionnaire constitutes a significant alteration that may affect the risks and benefits to subjects, necessitating re-consent as per 21 CFR 50.25 and ICH E6(R2) §4.8.2. The Red Herring of the 'system lag' and the legacy 'HelixDB' operating in read-only mode does not constitute a violation in this context, as the critical issue is the change to the protocol that impacts subject risk, not the temporary availability of the ePRO system or the use of a read-only legacy system with proper deviation logging.",,,
38,TASK-REAL-PROMO_RE-0FD312B0,promo_review,"The FDA evaluated CooperSurgical Inc.'s corrective actions in response to a Warning Letter dated February 12, 2021. The firm had taken steps to address violations related to the promotion of its drug products. The FDA assessed the adequacy and sustainability of these corrections, which included changes to its promotional materials and training programs for employees involved in promotional activities.",What is the regulatory expectation for a firm's response to a Warning Letter regarding promotional activities?,"21 CFR 202.1(e)(5), which states that a firm must take prompt action to correct the violative conditions and prevent their recurrence.",,,
39,TASK-PROMO_REVIEW-182B51CC,promo_review,"At NovaBio Inc., the marketing team launched a promotional campaign for their new diabetes medication, GlucoSafe, on February 10th. The promotional piece, a print ad, included a prominent display of the drug's efficacy data, with a smaller section at the bottom detailing the common side effects. The ad was reviewed by the regulatory affairs specialist, who noted that while the ad did mention the major risks associated with GlucoSafe, such as hypoglycemia and weight gain, these were presented in a relatively small font size compared to the benefits. Meanwhile, the company's competitor, Helix Pharma, recently received an FDA warning letter for a similar ad that omitted a black box warning. NovaBio's ad, however, did include the required brief summary, but only for the indications approved by the FDA, and not for the off-label use that was being promoted. On March 1st, the FDA's Office of Prescription Drug Promotion (OPDP) sent a notice to NovaBio requesting additional information on the fair balance of the GlucoSafe ad.","Does the promotional piece for GlucoSafe comply with the fair balance requirement under 21 CFR 202.1(e)(1), given that it includes both benefits and risks, but presents the benefits more prominently and does not include the black box warning in the brief summary for the off-label use being promoted?","The promotional piece for GlucoSafe does not comply with the fair balance requirement because, according to 21 CFR 202.1(e)(3)(ii), a brief summary is required for each indication being promoted, including off-label uses, and must include all the information required under 21 CFR 201.57, including any boxed warning. Furthermore, 21 CFR 202.1(e)(1) requires that the brief summary be presented in a clear and conspicuous manner, which is not the case here given the smaller font size of the risk information compared to the benefits.",,,
40,TASK-INFORMED_CONSENT-7C94D2DC,informed_consent,"At NovaBio Inc., a protocol amendment was approved on February 10, 2023, to add a non-invasive, web-based patient-reported outcome (PRO) questionnaire to an ongoing Phase III study (NCT04876543) using the Medidata Rave EDC system (version 2022.08.01). The amendment was classified as a 'minor' change by the sponsor. The study's principal investigator, Dr. Emma Taylor, signed the amendment on February 12, 2023. The study team used a legacy system, Oracle Clinical (version 5.5.2), in read-only mode for data archival purposes, with a deviation log entry (DL-001) documenting the rationale for not upgrading to the latest version due to stability concerns. The amendment was notified to the institutional review board (IRB) on February 15, 2023, with a cover letter stating that re-consent was not required due to the minor nature of the change. The PRO questionnaire was activated in the EDC system on February 20, 2023, and 500 study participants were notified via email to complete it. However, the study's informed consent document was last updated on January 1, 2022, and the IRB approval for the original study was obtained on June 1, 2021.","Is re-consent of the study participants required for the added non-invasive, web-based PRO questionnaire, given the minor amendment and the fact that the study's informed consent document was not revised to include information about the new questionnaire?","Re-consent is required, contrary to the assumption that a minor amendment does not necessitate re-consent. According to 21 CFR 50.25 and 45 CFR 46.116, re-consent is required when changes are made to the research that affect the rights and welfare of subjects, unless the changes are initiated by the IRB to eliminate apparent immediate hazards to subjects. The Red Herring, the use of a legacy system in read-only mode, is compliant as it is properly documented and managed (DL-001). The violation lies in the failure to re-consent participants due to the introduction of a new data collection method, which could potentially impact subject rights and welfare, as specified in 45 CFR 46.116(a)(5)(i), requiring that 'the consent document includes a statement that informs the subject that he or she will not be withdrawn from the study without their consent, unless it is necessary to eliminate an immediate hazard to the subject's health or welfare.' The subtle procedural lapse is the incorrect assumption that a minor amendment does not require re-consent without properly evaluating the impact on subject rights and welfare.",,,
41,TASK-INFORMED_CONSENT-DF69E74D,informed_consent,"At NovaBio Inc., a phase III clinical trial for a new oncology treatment (NBIO-123) was initiated on February 10, 2022, using a custom-built electronic data capture (EDC) system, version 2.1.5. The system, although not validated for 21 CFR Part 11 compliance due to its 'hybrid' nature with some manual processes, was correctly operating in a read-only mode for source data verification, which initially raised concerns among auditors but was deemed acceptable. On August 15, 2022, a protocol amendment (version 1.2) was approved by the IRB, adding a non-invasive, electronic patient-reported outcome (ePRO) questionnaire to assess patient satisfaction, which under 45 CFR 46.116(b)(2) does not require additional consent as it is considered a minimal risk alteration. However, the amendment also involved updating the informed consent document template to reflect the new ePRO tool, and this updated template was not immediately distributed to all sites due to a 'temporary technical glitch.' Meanwhile, on September 1, 2022, 50 study participants completed their last study visit and were subsequently asked to contribute their biospecimens to a repository for future research, with the understanding that this was covered under the original consent. Notably, these participants' original informed consent forms (ICFs) were signed using an electronic signature platform before the amendment, and no re-consent was pursued, reasoning that since the repository use was not explicitly excluded in the original consent, and given the minimal risk involved, re-consent was not necessary.","Does the failure to re-consent the 50 study participants who completed their last study visit before contributing their biospecimens to the repository violate any regulatory requirements regarding informed consent, considering the protocol amendment and the nature of the repository research?","The correct answer hinges on 45 CFR 46.116, which requires that for research involving biospecimens, consent must be obtained for the specific use of those specimens in research, even if the research poses minimal risk. The red herring in this scenario, the delay in distributing the updated informed consent template, is not the compliance gap, as it does not directly pertain to the biospecimen repository issue. The subtle violation here is the failure to obtain re-consent for the biospecimen repository, which is required under 45 CFR 46.116 because the original consent did not explicitly cover the future use of biospecimens for research, even though the research is considered minimal risk. The reasoning that the original consent covered this use is incorrect, as the regulation requires specific consent for such uses, making re-consent necessary.",,,
42,TASK-21CFR11-EC8ABECD,21cfr11,"At NovaBio Inc., the Quality Assurance department implemented an electronic laboratory information management system (LIMS) named 'LabGenius' in January 2022. The system automatically generates time-stamped audit trails for all changes made to electronic records, including those initiated by the system itself, such as automated backups and software updates. The IT department configured LabGenius to store these audit trails for a minimum of 10 years as per the company's retention policy. NovaBio's current Standard Operating Procedure (SOP) for LabGenius requires the generation of audit trails but does not explicitly mandate their periodic review by authorized personnel. The company's QA manager, Jane Smith, believes that having the audit trails automatically generated and stored is sufficient for compliance with FDA regulations.",Is NovaBio's current practice regarding the generation and handling of audit trails in the LabGenius system compliant with the requirements outlined in 21 CFR Part 11?,"According to 21 CFR 11.10(e), the regulation requires that audit trails be both generated and reviewed by authorized personnel. The regulation states: 'Use of audit trails to regularly review activity of individual accounts and detect and report discrepancies in data maintained in the electronic records system.' Therefore, NovaBio's practice is not compliant because it lacks the periodic review of audit trails as mandated by 21 CFR 11.10(e).",,,
43,TASK-REAL-GMP_DEVI-FD94403C,gmp_deviation,"Lex Inc., a drug manufacturing facility, was inspected by the FDA from February 13 to February 28, 2023. The inspection revealed that the quality control unit failed to exercise its responsibility to ensure drug products manufactured are in compliance with CGMP. The quality unit did not provide adequate oversight for the manufacture of over-the-counter (OTC) drug products, including authority and responsibility for written procedures, approval or rejection of components and drug products, and review of production and control records.",Is it compliant with CGMP regulations for a quality control unit to fail to provide adequate oversight for the manufacture of drug products?,21 CFR 211.22 requires that the quality control unit have the responsibility and authority to ensure that drug products are manufactured in compliance with CGMP.,,,
44,TASK-21CFR11-E80BF5E2,21cfr11,"At NovaBio Inc., the clinical data management team, led by Senior Manager, Dr. Rachel Kim, utilizes an electronic data capture system called 'HelixEDC' for their ongoing Phase III trial. The system automatically generates time-stamped audit trails for all data modifications, which are stored for future reference. The quality assurance department, however, only reviews these audit trails when an issue is reported or during periodic system validation, approximately every 12 months. The system captures the user ID of individuals making changes but does not log the reason for each change. Recently, NovaBio Inc. implemented a new automated data validation rule within HelixEDC that makes system-initiated changes to ensure data consistency, but these changes are not captured by the audit trail.","Is NovaBio Inc.'s current practice regarding the generation, review, and content of audit trails within the HelixEDC system fully compliant with FDA regulations regarding electronic records and electronic signatures?","Under 21 CFR 11.10(e), the regulation requires that audit trails be generated, reviewed, and complete, including the capture of all metadata such as the reason for change and system-initiated changes, thus NovaBio Inc.'s practice is not fully compliant because it fails to capture the reason for each change and system-initiated changes, and only reviews audit trails periodically or upon issue report, not as part of an ongoing quality process as implied by the need for both generation and review under 21 CFR 11.10(e).",,,
45,TASK-GCP_DEVIATION-EBF38A62,gcp_deviation,"At NovaBio Inc., a Phase III clinical trial for a new oncology drug is underway. On February 10, 2023, the investigator at Site 123 initiated a protocol deviation for a single patient, enrolling them 2 days prior to the scheduled start date due to a scheduling conflict with a holiday, as per the site's standard operating procedure (SOP) for urgent enrollments. This deviation was not pre-approved by the sponsor but was retrospectively documented in the patient's source documents and the electronic data capture (EDC) system, Medidata RAVE, within 24 hours. The deviation was deemed minor by the site staff and did not affect the patient's safety or the trial's integrity. The trial protocol, version 2.0, includes a section on deviations allowing for minor, unplanned amendments to be documented and reported to the IRB/IEC and sponsor within a certain timeframe if they do not affect patient safety or data integrity.","Is this protocol deviation required to be reported to the IRB/IEC as a significant protocol deviation according to ICH E6(R2) and 21 CFR 50.25(b)(6), given it was not pre-approved by the sponsor but was documented promptly?","Yes, the deviation must be reported to the IRB/IEC as a significant protocol deviation. According to ICH E6(R2) §4.8.2 and 21 CFR 50.25(b)(6), any deviation from the protocol that could affect the safety of the subjects, the integrity of the data, or the conduct of the trial must be documented and reported. Even though the deviation was deemed minor and did not compromise patient safety or data integrity, the fact that it was not pre-approved by the sponsor and involved an change to the scheduled start date means it crosses the threshold for reporting as per ICH E6(R2) §5.18.2, which discusses investigator responsibilities for reporting deviations to the IRB/IEC and sponsor.",,,
46,TASK-GCP_DEVIATION-F75C7E66,gcp_deviation,"At NovaBio Inc., a Phase 3 clinical trial for a new oncology treatment was ongoing. The study used a custom-built EDC system, version 2.1, which was validated and compliant with 21 CFR 11. On February 10, 2023, a protocol deviation occurred when an investigator-initiated amendment was made to the treatment schedule for 5 patients due to an unexpected side effect. The amendment was approved by the IRB/IEC on February 12, 2023, but the updated protocol was not uploaded to the EDC system until February 15, 2023, due to a delay in the IT department's validation process. Meanwhile, the study coordinator, who was also the system administrator, had been using a legacy system, version 1.0, in read-only mode to track patient screening data, which was properly documented and did not affect the deviation. The deviation log was updated on February 11, 2023, but the entry was made by a newly hired coordinator who was still in training and mistakenly used the wrong template. On February 14, 2023, the sponsor's QA team performed an audit and found that the deviation was properly reported to the IRB/IEC, but the audit trail showed that the EDC system's audit log was not properly configured, resulting in a gap in the system-to-system data integrity.","Is the protocol deviation reported to the IRB/IEC within the required timeframe, and does the use of the legacy system in read-only mode constitute a compliance issue?","The correct answer hinges on ICH E6(R2) §4.8.2, which requires that significant protocol amendments be approved by the IRB/IEC before implementation, and 21 CFR 11.10(e), which requires that electronic records be accurately reflected in the system. The subtle violation is the delay in uploading the updated protocol to the EDC system, which constitutes a system-to-system data integrity gap. The Red Herring, the use of the legacy system in read-only mode, is actually compliant as it did not affect the deviation and was properly documented. The incorrect use of the wrong template by the coordinator is also not the primary compliance issue, as it was a procedural lapse that did not affect the reporting of the deviation to the IRB/IEC.",,,
47,TASK-21CFR11-464DB11F,21cfr11,"At NovaBio Inc., the electronic laboratory notebook system, ELN-PRO, has been generating time-stamped audit trails for all user actions since its implementation on January 1, 2022. The system is used by 50 researchers and quality assurance staff, who make approximately 500 entries per week. Although the ELN-PRO audit trails capture user IDs, dates, and times of all changes, they do not record the reason for each change or system-initiated changes, such as automatic software updates. The company's SOP requires that audit trails be generated but does not specify a requirement for regular review of these trails, assuming that their mere generation satisfies regulatory requirements.","Does NovaBio Inc.'s current practice with ELN-PRO meet the requirements for audit trails under FDA regulations, given the absence of a periodic review process and the incomplete capture of metadata?","According to 21 CFR 11.10(e), audit trails must be generated, reviewed, and complete, including all changes, who made them, when they were made, and why they were made. Specifically, 21 CFR 11.10(e) requires that 'audit trails...be available for all changes, and include the name of the person making the change, the reason for the change (if available), and the date and time of the change.' Therefore, NovaBio Inc.'s practice does not meet the regulatory requirements due to the lack of review and the incompleteness of the audit trail metadata, including reasons for change and system-initiated changes.",,,
48,TASK-PROMO_REVIEW-47BEF955,promo_review,"At NovaBio Inc., the marketing team launched a promotional campaign for their new drug, Xylophia, on February 10th, using a customer relationship management (CRM) system named 'MedMax v8.2' to track interactions. The promotional piece, a print ad in a medical journal, highlighted the benefits of Xylophia for treating arthritis, including a reduction in joint pain and inflammation. It also included a brief summary of the risks, but the black box warning regarding the increased risk of cardiovascular events was placed at the very bottom of the page in small font. Meanwhile, the MedMax system's automated audit trail logged all changes to the promotional material, including a timestamp for the final approval by the medical director, Dr. Lee, on February 5th, which was two days before the material was sent to the printer due to a 'legacy system sync delay.' A quality assurance (QA) review on February 8th confirmed compliance with the 'fair balance' rule, but the review report was stored on a separate, read-only server named 'ComplianceHub,' requiring a manual login to access. The actual print run was 10,000 copies, with a 'prescribing information' insert that was correctly formatted according to FDA guidelines but was stapled separately due to a 'paper size inconsistency.'","Does the promotional piece for Xylophia adhere to the requirements for presenting risk information under 21 CFR Part 202, considering the placement and presentation of the black box warning and the brief summary of risks?","The correct answer hinges on 21 CFR 202.1(e)(3)(ii), which requires that the brief summary include, when applicable, a 'clear and conspicuous' presentation of the boxed warning in the promotional piece itself, not just in the prescribing information insert. The subtle violation here is the failure to include the black box warning in the body of the promotional piece itself in a clear and conspicuous manner. The Red Herring, the delay in the audit trail timestamp due to 'legacy system sync delay,' might seem suspicious but is compliant as it does not affect the approval process or the final content of the promotional piece. The actual procedural lapse is the insufficient prominence of the boxed warning in the promotional material, despite the inclusion of risk information.",,,
49,TASK-INFORMED_CONSENT-C068B092,informed_consent,"At NovaBio Inc., a Phase III clinical trial for a new oncology treatment was initiated on January 10, 2022, using a paper-based informed consent form (ICF) approved by the IRB on December 15, 2021. On June 1, 2022, an amendment was made to the protocol to include a new, non-invasive, electronic patient-reported outcome (ePRO) questionnaire, which was also approved by the IRB. The ICF was revised to include information about the ePRO, and the new ICF was approved by the IRB on July 10, 2022. Subjects who had already completed their last study visit were not re-consented, as the study team believed that since the subjects were no longer participating in the study, re-consent was not necessary. Meanwhile, the study team was using a legacy electronic data capture (EDC) system, version 1.2, which was still operational but only in read-only mode for data already collected, awaiting migration to a new EDC system, version 3.0, scheduled for September 2022. The delayed migration was documented in the study's deviation log and was deemed acceptable by the study sponsor due to the minimal risk to subject data and the fact that all new data collection had been paused during the transition period. On August 15, 2022, a subject who had completed their last study visit on April 20, 2022, contacted the study site to inquire about the new ePRO questionnaire and expressed interest in participating in the sample repository for future research, which was added as part of the June 1, 2022, protocol amendment.","Does the subject who completed their last study visit on April 20, 2022, and is interested in participating in the sample repository need to be re-consented using the revised ICF approved on July 10, 2022?","Yes, the subject needs to be re-consented. According to 45 CFR 46.116, and further clarified by the requirements for continuing review in 21 CFR 50.25 and ICH E6(R2) §4.8.2, any new use of previously collected identifiable private information or biospecimens for future research requires informed consent, even if the subject has completed their participation in the original study. The Red Herring of using a legacy EDC system in read-only mode, awaiting migration, is not the compliance issue, as it was properly documented and deemed acceptable. The subtle violation lies in the procedural lapse of not re-consenting subjects for the new use of their samples, which is a separate consentable activity.",,,
50,TASK-GMP_DEVIATION-D2CFACF8,gmp_deviation,"At NovaBio Inc., a batch of 10,000 units of their API, NBX-101, was found to have an Out-of-Specification (OOS) result for impurity level during routine testing on February 10, 2023. The testing was performed by an analyst who was qualified but had not completed the required annual proficiency assessment due to a recent equipment change that necessitated requalification. However, the investigation under 21 CFR 211.192 revealed that the OOS result was directly linked to a procedural error during sample preparation, which was rectified before the batch was released for further processing. Furthermore, a comprehensive review of the batch's manufacturing and testing records, including those from the Quality Control system, 'NovaQCS,' showed full compliance with all other specifications and GMP requirements. The batch had also undergone a confirmatory repeat test on February 15, 2023, which passed specifications, including the impurity level.","Given the findings, must the batch of NBX-101 API be rejected due to the initial OOS result for impurity level?","No, the batch does not necessarily need to be rejected solely based on the initial OOS result, as per 21 CFR 211.165, which allows for the investigation of OOS test results and the use of other batch data to assess overall batch quality. Since the investigation under 21 CFR 211.192 showed the OOS was due to a procedural error and not a batch quality issue, and the batch complies with all other specifications and GMP requirements, it may be considered for release, provided all corrective actions are documented and addressed in accordance with 21 CFR 211.192 and 211.165.",,,
